source_date,email_ts,message_id,thread_id,subject,evidence_class,sanitized_finding,blocker_impact,next_action,secrets_excluded
2026-04-17,2026-04-17T20:09:06Z,19d9d0fbc5316420,19d9d0fbc5316420,Recap for Daily Check In,gmail_readonly_sanitized,"Meeting recap says the New Reward Google provider account had been added for Google integrations, but Search Console showed a connected/internal-service-error state while the expected primary site did not appear. Air Express lead routing and domain forwarding were also discussed.","Supports New Reward source-of-truth or provider-property mapping drift. Does not provide a usable GSC/GA4 API token, property id, or GTM container id.","Use the james@jamesbrady.org New Reward app session, reconcile Air Express website ids, then connect or verify newrewardplatform@gmail.com from the provider flow.",true
2026-04-22,2026-04-22T18:01:37Z,19db65ad7da6a0f6,19db65ad7da6a0f6,Recap for New Reward Notion/Bug setup for Debugging,gmail_readonly_sanitized,"Meeting recap records action items to create an accounts status list for GA4/GSC/GBP/Cloudflare, investigate Google account disconnections and possible tenant credential overwrite, and prioritize the Air Express DNS/email issue. No Air Express GTM container id or usable provider token is provided.","Supports systemic source-of-truth and credential-status drift for #26/#27. It does not prove current Air Express provider rows, Google property visibility, or GTM ownership.",Use as root-cause evidence; keep #26/#27 open until production source mapping and scoped Google read access are directly verified.,true
2026-04-24,2026-04-24T17:37:42Z,outlook:ga4-tag-source,outlook:ga4-tag-source,Fwd: google ana,outlook_search_sanitized,"Outlook search found an Air Express Google Analytics thread with the direct Google tag loader for GA4 measurement id G-JZ7PY32EVX. The evidence references gtag and googletagmanager.com gtag loader, not a GTM container.","Confirms the approved local GA4 implementation id and supports direct GA4 as the verified source path. It does not provide a GTM container id, GA4 API scope, property id, or live delivery proof.",Keep direct GA4 in local homepage source; do not add GTM unless a verified Air Express GTM container id is provided.,true
2026-04-24,2026-04-24T20:28:13Z,19dc12dbdb55f83d,19dc12d7241237c1,Air Express ServiceTitan leads are being created; where to find them,gmail_readonly_sanitized,"Message verifies two live Air Express website leads in ServiceTitan Follow Up -> Leads on 2026-04-24: lead 84856340 and lead 84856596, both open under campaign 80365413.","Provides partial prior lead proof for #30, but not full historical export, booking, or revenue attribution.",Obtain a redacted read-only ServiceTitan export or screenshot packet by date/source/campaign/status with customer PII removed.,true
2026-04-27,2026-04-27T19:44:51Z,outlook:ga4-tag-reply,outlook:ga4-tag-reply,Re: google ana,outlook_search_sanitized,Outlook search found a follow-up reply in the same Air Express Google Analytics thread with GA4 measurement id G-JZ7PY32EVX and direct gtag loader evidence. No Air Express GTM container id was present in the result.,Further corroborates the GA4 id as owner-provided implementation evidence while keeping GTM unverified.,Use this as GA4 source evidence for #28; live proof still requires approved deploy or New Reward edge sync.,true
2026-04-29,2026-04-29T20:19:19Z,19ddae56275e6b1c,19ddae56275e6b1c,Air Express website update: socials and lead email notifications,gmail_readonly_sanitized,"Message says the Air Express footer socials were cleaned up to Facebook and Google Business Profile, the ServiceTitan lead email notification fallback was added, production lead notifications were configured for the business mailbox, and post-deploy production checks passed. It also says the remaining optional confirmation was a live test form submission that would create a real ServiceTitan test lead.","Supports that the local-service lead workflow had an email-notification fallback and production check history, but it is not a full ServiceTitan lead export and does not prove current notification env state.","Use as historical setup evidence only; current proof still requires read-only ServiceTitan export/API access or redacted screenshot packet, and any live form test needs explicit approval.",true
2026-04-29,2026-04-29T17:22:27Z,19dda4374e48b091,19dda4374e48b091,Signed contract client activation issue,gmail_readonly_sanitized,Message records Air Express as the clearest example of a signed-contract client that stayed marked as prospect because CRM activation depended on the Stripe checkout/subscription path.,"Supports #26 mapping/root-cause evidence that Air Express client state drifted across New Reward contract, CRM, and active-client surfaces.","Verify the production source-of-truth maps the signed Air Express CRM client to the active client, SEO workspace, and live edge website id.",true
2026-05-01,2026-05-01T13:31:46Z,19de3bcff4b3ba9d,19de3bcff4b3ba9d,Someone mentioned you in Investigate Air Express report that website leads are missing from ServiceTitan,gmail_readonly_sanitized,"Notion notifications in this thread record an Air Express PM/work-log task titled Investigate Air Express report that website leads are missing from ServiceTitan, with owner/completion references for James. The notifications do not contain a full export, current access material, booking status, revenue data, or customer details.","Supports that ServiceTitan lead visibility was tracked as an operational issue after the April 24 lead proof, but it does not replace the need for a current redacted export/history packet.",Keep #30 open until full lead history by date/source/campaign/status is available without customer PII.,true
2026-05-05,2026-05-05T15:45:11Z,outlook:technical-package-link-broken,outlook:technical-package-link-broken,Fw: Your Technical Infrastructure Package is Ready - Air Express Heating and Air Conditioning,outlook_search_sanitized,Outlook search found an Air Express technical infrastructure package thread where the package button or link was reported as not working.,Supports the public-artifact/readiness blocker: Air Express package delivery could not be treated as client-ready from this evidence.,Do not call Air Express public artifacts ready until the report/review link works and the production artifact path is verified.,true
2026-05-07,2026-05-07T21:12:11Z,19e0448ac4747b59,19e0448ac4747b59,Recap for Training - Jeremy and Payton,gmail_readonly_sanitized,"Training recap uses Air Express as the example client and records Google Search Console, Google Analytics, and Google Business Profile as not connected in the demo. It also records action items to triage a GA4 expired-credential display and verify that the platform is pulling the correct website information. No Air Express GTM container id is provided.","Supports #26/#27/#29: Air Express attribution blockers are consistent with platform credential/status and website-information drift, not proof that Google assets are absent.","Use as root-cause evidence; reconcile website mapping first, then run the prepared read-only Google reconnect and history pull flow.",true
2026-05-11,2026-05-11T17:33:30Z,outlook:social-package-link-broken,outlook:social-package-link-broken,Fw: Review Air Express Heating and Air Conditioning's Social Media Strategy Package,outlook_search_sanitized,Outlook search found a forwarded Air Express Social Media Strategy package thread where Michael reported the link was broken and asked who could walk through the report for the first client call.,Supports #24/#29/#31 readiness gating: distribution and client walkthrough should wait until the report link works and the live artifacts are verified.,Confirm Michael has a working report-review link and walkthrough path before public/client-facing distribution claims.,true
2026-05-11,2026-05-11T18:08:29Z,outlook:client-missing-connections,outlook:client-missing-connections,Re: Client Missing Connections,outlook_search_sanitized,Outlook search found a Jasmine/New Reward missing-connections thread whose Air Express preview lists Cloudflare stale and Google Business Profile not connected.,Corroborates New Reward setup snapshot blockers for Cloudflare delivery state and GBP provider access; it does not provide GSC/GA4/GBP API scopes or provider rows.,Keep provider and delivery blockers open until New Reward setup and live artifact paths are directly verified.,true
2026-05-27,2026-05-27T21:42:28Z,19e6b6391f63f96d,19e6b6391f63f96d,Air Express Google Business Profile access path for Michael,gmail_readonly_sanitized,Message says later access notes showed GSC and GA4 live while GBP was not connected; it recommends owner-led GBP access rather than credential sharing.,"Supports that GSC/GA4 may exist historically and the blocker is provider/source reconciliation, not proof of asset absence. Does not prove current API access.",Keep GSC/GA4 history pull blocked until read-only scopes and exact property visibility are confirmed; pursue GBP through owner/manager invitation.,true
2026-05-27,2026-05-27T22:32:53Z,19e6b91bd425b4c5,19e6b91bd425b4c5,Air Express GBP recovery lead update,gmail_readonly_sanitized,Message identifies Max Harding as the strongest Google Business Profile recovery lead from public-owner evidence. It does not provide a GTM container id.,"Clarifies Max is an owner/access recovery lead, not verified GTM source evidence. Homepage should not add a GTM marker until a real GTM container id is found.",Ask Max/Air Express for owner-led access invitations and any verified GTM container id or Google Tag Manager workspace proof.,true
2026-06-03,2026-06-03T15:15:00Z,search:none,search:none,Gmail GTM search,gmail_search_sanitized,"Bounded Gmail searches for Air Express, Max Harding, maxharding88@yahoo.com, GTM, Google Tag Manager, Tag Manager, Google tag, googletagmanager, gtag, and GTM- returned no messages with an Air Express GTM container id, preserving the no GTM container id finding.","Confirms no approved Air Express GTM container id was found through the searched mailbox path; the mailbox evidence supports GA4/GSC setup drift, not a verified GTM container.","Keep direct GA4 source as the verified local implementation until Google Tag Manager, New Reward provider records, or owner evidence supplies a GTM-... id.",true
2026-06-03,2026-06-03T15:45:00Z,search:servicetitan,search:servicetitan,Gmail ServiceTitan history search,gmail_search_sanitized,"Bounded Gmail searches for Air Express ServiceTitan, lead, Follow Up Leads, campaign 80365413, and known lead IDs found the existing April 24 lead proof, April 29 setup note, and May 1 missing-leads investigation thread. No full ServiceTitan export, booking status, revenue report, or new lead IDs beyond existing proof were found.",Confirms the safe mailbox workaround has been exhausted for #30; remaining proof requires provider/export access or an owner-supplied redacted packet.,Request read-only ServiceTitan export/API access or redacted screenshot packet by date/source/channel/campaign/status with customer PII removed.,true
2026-06-03,2026-06-03T16:10:00Z,outlook:gtm-search-none,outlook:gtm-search-none,Outlook GTM search,outlook_search_sanitized,"Bounded Outlook searches for Air Express plus GTM- and Google Tag Manager returned no matching messages, while G-JZ7PY32EVX searches returned direct gtag evidence.",Confirms Outlook corroborates the no-approved-GTM-container finding and supports direct GA4 as the only verified tag path.,"Keep GTM unknown until Google Tag Manager, New Reward provider records, or owner evidence supplies a verified GTM container id.",true
2026-06-03,2026-06-03T16:28:47Z,search:gmail-current-recheck,search:gmail-current-recheck,Current Gmail GA4/GTM/GSC/GBP recheck,gmail_search_sanitized,"A fresh Gmail search for Air Express plus GA4/GSC/GBP/GTM/Google Tag Manager terms returned the same April setup drift, May training, and GBP recovery evidence already recorded. A narrower Max Harding and GTM-specific search returned no Air Express GTM container id, and the exact GA4/domain search returned no new property id or scoped API evidence.","Confirms the safe Gmail workaround remains exhausted for the GTM/source-scope question: current evidence supports direct GA4 G-JZ7PY32EVX and provider/source drift, but not a verified GTM container, Google API scopes, property id, or provider row.",Do not add GTM without verified container ownership. Continue with New Reward mapping reconciliation and Google read-only reconnect packet after #26 is resolved.,true
2026-06-03,2026-06-03T16:28:47Z,search:drive-current-recheck,search:drive-current-recheck,Google Drive provider/source search,drive_search_sanitized,"Read-only Google Drive metadata searches for airexpressutah, G-JZ7PY32EVX, Air Express Google Analytics, Air Express Search Console, Air Express Business Profile, and Air Express ServiceTitan found no Air Express-specific GA4 property id, GTM container id, GSC property proof, GBP location proof, ServiceTitan export, or provider-row source file. A broad Business Profile query returned unrelated general-business files and was not treated as Air Express evidence.",Confirms the safe Drive workaround did not change #26/#27/#29/#30 blocker state. Drive search does not prove the assets are absent; it only found no usable source proof through this connected Drive path.,Continue with the authorized New Reward app/source mapping reconciliation and Google read-only reconnect packet; do not repeat broad Drive searches without a narrower file clue.,true
2026-06-03,2026-06-03T18:03:38Z,search:gmail-ga4-gtm-gsc-servicetitan-recheck,search:gmail-ga4-gtm-gsc-servicetitan-recheck,Current Gmail Max GA4/GTM/GSC/ServiceTitan recheck,gmail_search_sanitized,"Bounded Gmail searches for Air Express plus GTM/Google Tag Manager returned no Air Express GTM container id; GA4/GSC/GBP searches returned the same setup-drift and GBP recovery threads already recorded; Max Harding searches returned the existing GBP recovery lead; ServiceTitan searches returned the existing April 24 lead proof, April 29 setup note, and May 1 lead-visibility task but no full export, booking, or revenue history.","Confirms the latest mailbox workaround did not change the blocker classes: direct GA4 G-JZ7PY32EVX remains the only verified tag source, GTM remains unverified, GSC/GA4/GBP history remains blocked by source mapping plus missing read scopes/property visibility, and ServiceTitan history still requires export/API or redacted owner packet.","Keep direct GA4 locally, do not add GTM until a verified GTM- container is supplied, use the canonical New Reward website id cmorqbs9j001r5nr1h25vosp8 for provider recheck, run approved Google read-only reconnect, and request ServiceTitan export/social access through owner invitations.",true
