surface,class,priority,current_state,control_state,target_account_or_owner,evidence,next_action,blocker,risk,performance_signal,last_verified
Owned website airexpressutah.com,owned,P0,live HTTP 200,public_live_dashboard_unknown,James/New Reward,curl and verify-cutover,confirm provider ownership,none for public load,production site,homepage status and leads,2026-06-01
Legacy web domain airexpresshvac.net,owned,P0,redirects to canonical,public_live_dashboard_unknown,James/New Reward,curl and verify-cutover,preserve redirect and mail records,no DNS mutation approval,mail and redirect continuity,redirect status,2026-06-01
Repo CryptoJym air-express-hvac,owned,P0,local repo present,repo_access_inferred,James/New Reward,admin/config.yml,confirm collaborator/editor roles,GitHub access not dashboard verified,content publishing permissions,CMS edits and deploys,2026-06-01
Decap CMS admin,owned,P0,/admin loads,login_blocked,James/New Reward,curl /admin and /api/auth,repair OAuth env vars after approval,missing OAUTH_GITHUB_CLIENT_ID,CMS editing blocked,admin login success,2026-06-01
ServiceTitan intake,crm,P0,prior lead creation verified; historical email-notification fallback setup note found; current export/API access still absent,current_access_unknown,Air Express owner plus New Reward,output ServiceTitan guide; sanitized Gmail evidence from 2026-04-24 2026-04-29 and 2026-05-01,request current redacted lead export or screenshot packet,no CRM mutation or live test approval,lead routing and privacy,accepted leads and follow up visibility,2026-06-03
Vercel project option-c,hosting,P0,"Vercel project is linked locally and production deploy dpl_3zREVjP951aP1UvcJ8HwSYk668Li succeeded; www alias serves verified repo source, but canonical apex still serves New Reward edge/origin and /analytics.js is 404.",partial_live_www_only_canonical_pending,James/New Reward,".vercel/project.json; Vercel deploy output; data/air-express-ga4-delivery-sync-attempt.json; data/live-measurement-path-check.json","Use authenticated New Reward edge publish-and-verify for website cmorqbs9j001r5nr1h25vosp8 or approved Cloudflare route change; then rerun live measurement and delivery sync checks.",canonical apex remains intercepted by New Reward edge/origin despite Vercel alias success,env var deployment and repo-to-live traceability risk,domain OAuth and deployment health,2026-06-06
New Reward GitHub App,delivery,P0,New Reward website delivery says GitHub App NOT CONNECTED and owned-site content MANUAL_REQUIRED,delivery_blocked,James/New Reward,New Reward website delivery settings,connect/install only with explicit approval or record approved manual sync path,no GitHub App mutation approval,owned-site deployment automation blocked,package PR and sync status,2026-06-02
Cloudflare DNS and edge,dns,P0,"nameservers and New Reward edge are live on canonical apex; active edge/origin version v20260601032350-675731b8-57d4bf is serving website cmorqbs9j001r5nr1h25vosp8 and has not synced current GA4/AI artifacts.",edge_sync_required,James/New Reward,"dig NS; response headers; New Reward Air Express setup page; data/air-express-ga4-delivery-sync-attempt.json; data/owned-site-delivery-sync-check.json","Publish/sync the current package through the authenticated New Reward edge path or make an approved Cloudflare route change to the verified Vercel source.",authenticated edge publish/control path not available from this repo lane,DNS and worker outage risk,nameserver edge header health,2026-06-06
Cloudflare Turnstile,security,P0,code path present,access_unknown,James/New Reward,runbook and code files,verify widget and secret configured,no provider mutation approval,form abuse and lead spam,valid server-side token rate,2026-06-01
GitHub OAuth App,auth,P0,setup documented,access_unknown,James/New Reward,admin/OAUTH_SETUP.md and /api/auth error,confirm client ID and callback,no OAuth mutation approval,CMS auth failure,/api/auth 302,2026-06-01
Email DNS airexpresshvac.net,email,P0,MX SPF DMARC pass DKIM fail,partial_public_verified,Air Express mail owner,verify-email-auth,identify DKIM selector and source record,DNS/mail owner approval needed,mail trust,SPF DKIM DMARC pass,2026-06-01
Resend notifications,email,P0,optional vars documented,access_unknown,James/New Reward,launch runbook,verify sender domain and notification env vars,no provider mutation approval,lead notification deliverability,notification send success,2026-06-01
Google Business Profile,local_search,P0,review link resolves; New Reward setup card is NOT CONNECTED; local setup snapshot says GBP and GBP sync failed to load,platform_connection_blocked,james@jamesbrady.org app / newrewardplatform@gmail.com Google,site footer Google redirect; New Reward Air Express setup page; James identity clarification,use james@jamesbrady.org New Reward app session then connect or confirm newrewardplatform@gmail.com Google provider access,owner verification/provider credential gate,review policy and NAP drift,calls directions reviews,2026-06-02
Google Search Console,search,P0,"New Reward setup previously showed GSC not connected/local snapshot fallback; latest read-only configured DB lookup found the canonical Air Express client and primary website cmorqbs9j001r5nr1h25vosp8, plus GSC provider credential and connection for sc-domain:airexpressutah.com under newrewardplatform@gmail.com, both expired. Local token still lacks webmasters.readonly and live SEO workspace UI needs recheck.",provider_expired_scope_blocked,james@jamesbrady.org app / newrewardplatform@gmail.com Google,New Reward Air Express setup page; New Reward SEO workspace; live edge headers; James identity clarification; data/newreward-attribution-source-check.json; data/newreward-air-express-provider-readonly-recheck.json; data/google-history/history-pull-status.json; docs/new-reward-gsc-ga4-reconnect-runbook.md,"Use james@jamesbrady.org New Reward app session to verify provider card targets cmorqbs9j001r5nr1h25vosp8, then reconnect/refresh newrewardplatform@gmail.com read-only GSC access if no stop gate appears.",GSC provider credential and connection are expired; webmasters.readonly scope missing; SEO workspace UI recheck pending; provider mutation/OAuth consent requires explicit approval.,indexing visibility,coverage and queries,2026-06-03
GA4,measurement,P0,"New Reward setup previously showed GA4 not connected/local snapshot fallback; latest read-only configured DB lookup found canonical website cmorqbs9j001r5nr1h25vosp8 and GA4 provider credential/connection under newrewardplatform@gmail.com, both expired. GA4 connection propertyId is null. Local source contains G-JZ7PY32EVX but production /analytics.js is 404 and no live marker is detected.",provider_expired_scope_delivery_blocked,james@jamesbrady.org app / newrewardplatform@gmail.com Google,New Reward Air Express setup page; New Reward SEO workspace; New Reward PM GA4 task; repo-local analytics.js; live tag checks; data/newreward-air-express-provider-readonly-recheck.json; data/live-measurement-path-check.json; docs/new-reward-gsc-ga4-reconnect-runbook.md,"Verify the app targets cmorqbs9j001r5nr1h25vosp8, reconnect/refresh newrewardplatform@gmail.com GA4 read access, select the property/web stream containing G-JZ7PY32EVX, then run approved deploy or edge sync for /analytics.js.",GA4 provider credential and connection are expired; analytics.readonly scope missing; GA4 propertyId null; live tag deployment still unresolved.,conversion measurement,traffic and form events,2026-06-03
New Reward SEO workspace,measurement,P0,"/admin/crm/cmmwe8so000077kqptwysqaem/seo-optimization previously reported Client not found; latest read-only DB evidence proves the Air Express client row exists and primaryWebsiteId matches the live edge id cmorqbs9j001r5nr1h25vosp8, but the live SEO workspace UI still needs recheck.",workspace_ui_recheck_blocked,James/New Reward,New Reward SEO optimization route; data/newreward-attribution-source-check.json; data/newreward-air-express-provider-readonly-recheck.json,Open the SEO workspace read-only under james@jamesbrady.org and confirm it resolves the client before running provider reconnect.,Prior UI Client not found evidence is stale against current DB proof but not yet rechecked in the app.,attribution and report automation blocked,run state credential health and pulled rows,2026-06-03
Apple Business Connect,maps,P1,not verified,unknown,newrewardplatform@gmail.com,official Apple flow reviewed,search and claim existing if present,owner verification gate,NAP drift,Apple Maps actions,not_attempted
Bing Places,maps,P1,not verified,unknown,newrewardplatform@gmail.com,official Bing flow reviewed,search and claim existing if present,Microsoft verification gate,NAP drift,Bing Maps views,not_attempted
MapQuest Utah listing,directory,P1,public profile exists,control_unknown,support@newreward.com,public MapQuest result,verify control and phone/NAP accuracy,claim or Yext gate,wrong phone or duplicate listing,directions and calls,2026-06-01
BBB,directory,P1,public BBB profile exists; official profile does not support BBB accreditation wording; local copy now says BBB Business Profile,control_unknown,Air Express owner,BBB public profile; data/public-claim-register.json,do not claim accreditation unless BBB status changes; verify profile access only if needed,owner verification gate,unsupported accreditation claim if reintroduced,profile views and trust proof,2026-06-03
Angi,directory,P1,public profile exists,control_unknown,support@newreward.com,public Angi result,monitor and prepare repair strategy,platform access gate,reputation risk,profile rating and leads,2026-06-01
Nextdoor,business_social,P1,not verified,unknown,support@newreward.com,official Nextdoor flow reviewed,search and claim existing if present,owner document gate,public address and posting risk,recommendations and referrals,not_attempted
Facebook,direct_social,P1,public page URL exists,control_unknown,support@newreward.com,site footer and HTTP 200,request page admin access,no public post approval,brand voice and review risk,referral traffic and messages,2026-06-01
Instagram,direct_social,P1,not verified,unknown,support@newreward.com,not found in repo,search existing handle before creation,approval required,duplicate handle risk,referral traffic,not_attempted
YouTube,direct_social,P2,not verified,unknown,support@newreward.com,not found in repo,search existing channel before creation,approval required,maintenance burden,video views and referral traffic,not_attempted
TikTok,direct_social,P2,not verified,unknown,support@newreward.com,not found in repo,search existing handle before creation,approval required,maintenance burden,views and referral traffic,not_attempted
LinkedIn,direct_social,P2,not verified,unknown,support@newreward.com,not found in repo,search existing company page before creation,approval required,duplicate page risk,profile referral traffic,not_attempted
Yelp,review_directory,P2,not verified,unknown,support@newreward.com,industry fit only,search existing profile before action,policy and owner gate,review solicitation policy,profile rating and leads,not_attempted
Houzz,directory,P2,not verified,unknown,support@newreward.com,industry fit only,evaluate only if project photos exist,approval required,low fit without visual proof,profile traffic,not_attempted
Thumbtack,marketplace,P2,not verified,unknown,support@newreward.com,industry fit only,evaluate paid/free path,paid gate,paid lead quality risk,lead cost and close rate,not_attempted
Lehi business license,accreditation,P1,public license list found,public_source,Air Express owner,Lehi public business list,confirm current license and allowed use,official record recency,license claim accuracy,trust proof,2026-06-01
